IdSite (ne pas modifier);IdSiteTechnique (ne pas modifier);Reference metier;Libelle;Raison sociale;Siret;Adresse;Pays;CodeImb;Ndi;Type Ndi;Tags (tag 1, tag 2,...);"Merci de bien vouloir préciser le nom de la zone de tarification pour chaque accès. Cette dénomination devra être reportée dans les onglets ""Abonnements FTTO"", ""Abonnements FTTE"" et ""Frais de prestations"".
Dans le cas où vous seriez dans l'incapacité de proposer un tarif pour un accès, merci d'indiquer ""Incapacité"".";Unnamed: 3;Latitude;Longitude
160176;92671;;SALN.S1;;;;FR;;;;EDF AO;DPN;;45.405329;4.755246
160175;92670;;QUINSH.B01;;;;FR;;;;EDF AO;EDF HYDRO;;43.69869748886835;6.050729893788097
160174;92669;;P.VARH.S01;;;;FR;;;;EDF AO;EDF HYDRO;;43.854439;7.195276
160173;92668;;GEDREH.S01;;;;FR;;;;EDF AO;EDF HYDRO;;42.785726;0.018609
160172;92667;;CARLAH.B03;;;;FR;;;;EDF AO;EDF HYDRO;;43.63090605715455;2.2876898177714473
160171;92666;;BROMMH.B01;;;;FR;;;;EDF AO;EDF HYDRO;;44.80766118344141;2.714734119152471
160170;92665;;SSJU5H.B01;;;;FR;;;;EDF AO;EDF HYDRO;;43.212223;1.119698
160169;92664;;MATEMH.B01;;;;FR;;;;EDF AO;EDF HYDRO;;42.579615567214454;2.109958156097069
160168;92663;;BAZACH.S01;;;;FR;;;;EDF AO;EDF HYDRO;;43.604706;1.432377
160167;92662;;BANCAH.S01;;;;FR;;;;EDF AO;EDF HYDRO;;44.003256;7.138130
160166;92661;;B.CURH.S01;;;;FR;;;;EDF AO;EDF HYDRO;;47.406462;3.817114
160165;92660;;LABA5H.B01;;;;FR;;;;EDF AO;EDF HYDRO;;42.99625874970474;1.6139645446244766
160164;92659;;F.ABEH.S01;;;;FR;;;;EDF AO;EDF HYDRO;;42.81728;-0.56240
160163;92658;;CHALAH.S01;;;;FR;;;;EDF AO;EDF HYDRO;;45.669468;3.644039
160162;92657;;LAZERH.S01;;;;FR;;;;EDF AO;EDF HYDRO;;44.34587;5.86759
160161;92656;;LACOUH.S01;;;;FR;;;;EDF AO;EDF HYDRO;;42.93775;1.17676
160160;92655;;BIOGEH.B02;;;;FR;;;;EDF AO;EDF HYDRO;;46.311787;6.562232
160159;92654;;CROUXH.U01;;;;FR;;;;EDF AO;EDF HYDRO;;43.961830;2.785420
160158;92653;;CHATRH.S01;;;;FR;;;;EDF AO;EDF HYDRO;;45.979879;1.577383
160157;92652;;CAMBEH.B01;;;;FR;;;;EDF AO;EDF HYDRO;;44.654676654999854;2.573526490735423
160156;92651;;B.MONH.S01;;;;FR;;;;EDF AO;EDF HYDRO;;45.03397;4.919981
160155;92650;;AUCUNH.B02;;;;FR;;;;EDF AO;EDF HYDRO;;42.951990501911226;-0.16726100969005894
160154;92649;;ALRANH.U02;;;;FR;;;;EDF AO;EDF HYDRO;;44.088026;3.063912
160153;92648;;A.NORH.S01;;;;FR;;;;EDF AO;EDF HYDRO;;45.262603;4.004175
160152;92647;;B.MONH.B01;;;;FR;;;;EDF AO;EDF HYDRO;;45.0199751566639;4.942664769562587
160151;92646;;ARGENH.B01;;;;FR;;;;EDF AO;EDF HYDRO;;44.852000;6.582722
160150;92645;;MTFERH.B02;;;;FR;;;;EDF AO;EDF HYDRO;;45.832221;2.85311
160149;92644;;CAMP5H.S01;;;;FR;;;;EDF AO;EDF HYDRO;;43.028077;0.171643
160148;92643;;PALN.SD2;;;;FR;;;;EDF AO;DPN;;49.853722;0.712478
160147;92642;;CRUN.SD2;;;;FR;;;;EDF AO;DPN;;44.600533;4.804124
160146;92641;;RENART.S01;;;;FR;;;;EDF AO;DTEAM;;48.37488637554868;2.8438130238971486
160145;92640;;BREVIH.S01;;;;FR;;;;EDF AO;EDF HYDRO;;45.50388519238788;6.925281131335059
160144;92639;;TRIN.S1;;;;FR;;;;EDF AO;DPN;;44.326163;4.729734
160143;92638;;FESD.S1;;;;FR;;;;EDF AO;DP2D;;47.90478636962378;7.5607237533459575
160142;92637;;PALN.S1;;;;FR;;;;EDF AO;DPN;;49.85833172672017;0.6350540451110134
160141;92636;;GOLN.S1;;;;FR;;;;EDF AO;DPN;;44.10544185735542;0.8459771401444298
160140;92635;;BAROET.S01;;;;FR;;;;EDF AO;DTEAM;;50.662644;3.075145
160139;92634;;VELHUH.U01;;;;FR;;;;EDF AO;EDF HYDRO;;45.758963;4.855993
160138;92633;;SISTEH.S01;;;;FR;;;;EDF AO;EDF HYDRO;;44.211544;5.921827
160137;92632;;MTEZIH.S01;;;;FR;;;;EDF AO;EDF HYDRO;;44.73747245059322;2.6434999531815597
160136;92631;;DAMN.S1;;;;FR;;;;EDF AO;DPN;;47.73260958888363;2.5178020839482533
160135;92630;;CIVN.S1;;;;FR;;;;EDF AO;DPN;;46.46184862039044;0.6489888269771557
160134;92629;;CHON.S1;;;;FR;;;;EDF AO;DPN;;50.09035082961692;4.789598855212924
160133;92628;;CHBN.S1;;;;FR;;;;EDF AO;DPN;;47.227773551061055;0.16844507422496388
160132;92627;;BELN.S1;;;;FR;;;;EDF AO;DPN;;47.50885169706019;2.8757187262679853
160131;92626;;REVI5H.S01;;;;FR;;;;EDF AO;EDF HYDRO;;49.92822529798334;4.617602641217044
160130;92625;;BORTH.S01;;;;FR;;;;EDF AO;EDF HYDRO;;45.412391;2.500149
160129;92624;;VELHUT.S01;;;;FR;;;;EDF AO;DTEAM;;45.758963;4.855993
160128;92623;;FESD.SD1;;;;FR;;;;EDF AO;DP2D;;47.933953;7.568142
160127;92622;;FLAN.SD2;;;;FR;;;;EDF AO;DPN;;49.550925097789474;-1.85661325075966
160126;92621;;DAMN.SD4;;;;FR;;;;EDF AO;DPN;;47.743920;2.512796
160125;92620;;DAMN.SD3;;;;FR;;;;EDF AO;DPN;;47.725286;2.500121
160124;92619;;DAMN.SD2;;;;FR;;;;EDF AO;DPN;;47.727412;2.533343
160123;92618;;DAMN.SD1;;;;FR;;;;EDF AO;DPN;;47.753812;2.476562
160122;92617;;CIVN.SD2;;;;FR;;;;EDF AO;DPN;;46.499055;0.631177
160121;92616;;CIVN.SD1;;;;FR;;;;EDF AO;DPN;;46.48214348695347;0.6493914833138009
160120;92615;;BUGN.SD1;;;;FR;;;;EDF AO;DPN;;45.853074939234986;5.405954762953358
160119;92614;;BELN.SD7;;;;FR;;;;EDF AO;DPN;;48.088222;2.387444
160118;92613;;BELN.SD6;;;;FR;;;;EDF AO;DPN;;47.526056;2.873583
160117;92612;;BELN.SD5;;;;FR;;;;EDF AO;DPN;;47.511718;2.892291
160116;92611;;ROCHEH.U01;;;;FR;;;;EDF AO;EDF HYDRO;;46.223566311429565;0.6817223459333026
160115;92610;;JOURDH.S01;;;;FR;;;;EDF AO;EDF HYDRO;;44.016128;2.712178
160114;92609;;GAMBSH.S02;;;;FR;;;;EDF AO;EDF HYDRO;;48.685573;7.913602
160113;92608;;CROUXH.S01;;;;FR;;;;EDF AO;EDF HYDRO;;43.980193;2.530474
160112;92607;;CLAUXH.S01;;;;FR;;;;EDF AO;EDF HYDRO;;44.87621;6.47907
160111;92606;;CLAUXH.B01;;;;FR;;;;EDF AO;EDF HYDRO;;44.88816533412602;6.44659446431503
160110;92605;;CHON.SD8;;;;FR;;;;EDF AO;EDF HYDRO;;49.82629902139862;4.572918758073135
160109;92604;;AUZERH.U01;;;;FR;;;;EDF AO;EDF HYDRO;;45.35353846920606;2.6666973709339374
160108;92603;;SALONH.S01;;;;FR;;;;EDF AO;EDF HYDRO;;43.632936;5.114922
160107;92602;;CATN.SD1;;;;FR;;;;EDF AO;DPN;;49.43771508800371;6.201222196074513
160106;92601;;GOLFEH.B01;;;;FR;;;;EDF AO;EDF HYDRO;;44.08163;0.979761
160105;92600;;CATN.S1;;;;FR;;;;EDF AO;DPN;;49.406378;6.238493
160104;92599;;NOGN.SD2;;;;FR;;;;EDF AO;DPN;;48.52384758462463;3.594389452775327
160103;92598;;CHBN.SD5;;;;FR;;;;EDF AO;DPN;;47.206496576663696;0.1361273608814863
160102;92597;;CHBN.SD4;;;;FR;;;;EDF AO;DPN;;47.22741455804142;0.14923660367197478
160101;92596;;CHBN.SD1;;;;FR;;;;EDF AO;DPN;;47.215172075400986;0.08814971529310935
160100;92595;;BUGN.SD4;;;;FR;;;;EDF AO;DPN;;45.881440;5.340926
160099;92594;;AUZERH.S01;;;;FR;;;;EDF AO;EDF HYDRO;;45.364882;2.646166
160098;92593;;BCOD.S1;;;;FR;;;;EDF AO;DP2D;;44.30375975641386;4.741008216613744
160097;92592;;NOGN.S1;;;;FR;;;;EDF AO;DPN;;48.506151;3.506051
160096;92591;;GOLN.SD1;;;;FR;;;;EDF AO;DPN;;44.100503;0.812086
160095;92590;;FLAN.SD1;;;;FR;;;;EDF AO;DPN;;49.53459148737363;-1.8645060940894418
160094;92589;;FLAN.S1;;;;FR;;;;EDF AO;DPN;;49.542877;-1.870729
160093;92588;;CHON.SD6;;;;FR;;;;EDF AO;DPN;;50.13291745665518;4.821383014619032
160092;92587;;CHON.SD4;;;;FR;;;;EDF AO;DPN;;50.092995;4.795096
160091;92586;;CHON.SD3;;;;FR;;;;EDF AO;DPN;;50.11712027044384;4.790020342698561
160090;92585;;CHON.SD2;;;;FR;;;;EDF AO;DPN;;50.108942307131386;4.802343059221621
160089;92584;;CHBN.SD3;;;;FR;;;;EDF AO;DPN;;47.22507169677001;0.18425843792488938
160088;92583;;CATN.SD7;;;;FR;;;;EDF AO;DPN;;49.316750;6.172278
160087;92582;;VAIRET.S01;;;;FR;;;;EDF AO;DTEAM;;48.874152;2.655182
160086;92581;;VLEREH.S01;;;;FR;;;;EDF AO;EDF HYDRO;;45.986913;4.049448
160085;92580;;VLEREH.B01;;;;FR;;;;EDF AO;EDF HYDRO;;45.98678399460544;4.049436674844727
160084;92579;;V.PREH.S01;;;;FR;;;;EDF AO;EDF HYDRO;;48.26562812;6.5603012
160083;92578;;PASSYH.U01;;;;FR;;;;EDF AO;EDF HYDRO;;45.916617;6.726735
160082;92577;;AIGLEH.B02;;;;FR;;;;EDF AO;EDF HYDRO;;45.309825;2.178249
160081;92576;;ABBA6H.S53;;;;FR;;;;EDF AO;EDF HYDRO;;45.9122478;6.7046146
160080;92575;;BUGN.S1;;;;FR;;;;EDF AO;DPN;;45.80234603974285;5.267996338144511
160079;92574;;SSE.CH.S01;;;;FR;;;;EDF AO;EDF HYDRO;;45.23763;5.660274
160078;92573;;TEICHH.S02;;;;FR;;;;EDF AO;EDF HYDRO;;42.71842240055245;1.84173
160077;92572;;TECH H.S01;;;;FR;;;;EDF AO;EDF HYDRO;;42.408106;2.540596
160076;92571;;NENTIH.S01;;;;FR;;;;EDF AO;EDF HYDRO;;42.772077;2.212986
160075;92570;;MERENH.S01;;;;FR;;;;EDF AO;EDF HYDRO;;42.642927526040474;1.8312772443451266
160074;92569;;VINONH.S01;;;;FR;;;;EDF AO;EDF HYDRO;;43.725496;5.827390
160073;92568;;VALLIH.S01;;;;FR;;;;EDF AO;EDF HYDRO;;45.902808;5.921220
160072;92567;;KEMBSH.S02;;;;FR;;;;EDF AO;EDF HYDRO;;47.655084;7.518246
160071;92566;;VINONH.B01;;;;FR;;;;EDF AO;EDF HYDRO;;43.75216451363639;5.927241059955073
160070;92565;;HOSPIH.B40;;;;FR;;;;EDF AO;EDF HYDRO;;42.57441062554901;1.7869567064899974
160069;92564;;SSCROH.S01;;;;FR;;;;EDF AO;EDF HYDRO;;43.737414;6.134429
160068;92563;;ORLU H.S01;;;;FR;;;;EDF AO;EDF HYDRO;;42.68923;1.91189
160067;92562;;MOTZ H.B01;;;;FR;;;;EDF AO;EDF HYDRO;;45.932722;5.861139
160066;92561;;P.LIGH.S01;;;;FR;;;;EDF AO;EDF HYDRO;;45.246190;4.146076
160065;92560;;MTAHUH.S01;;;;FR;;;;EDF AO;EDF HYDRO;;43.57077372778301;2.939719086630438
160064;92559;;BRAS5H.S01;;;;FR;;;;EDF AO;EDF HYDRO;;43.62478;2.49925
160063;92558;;CIERPH.S01;;;;FR;;;;EDF AO;EDF HYDRO;;42.911377;0.638744
160062;92557;;SLBN.SD9;;;;FR;;;;EDF AO;DPN;;47.726682;1.599324
160061;92556;;SSVESH.S01;;;;FR;;;;EDF AO;EDF HYDRO;;44.04381;7.27903
160060;92555;;MALASH.S02;;;;FR;;;;EDF AO;EDF HYDRO;;47.419858;3.797730
160059;92554;;PERROH.U01;;;;FR;;;;EDF AO;DTEAM;;43.573576;1.382206
160058;92553;;CRED.S1;;;;FR;;;;EDF AO;DP2D;;45.760386;5.472744
160057;92552;;SLBN.SD8;;;;FR;;;;EDF AO;DPN;;47.719005;1.545681
160056;92551;;SLBN.SD11;;;;FR;;;;EDF AO;DPN;;47.719644;1.930825
160055;92550;;SLBN.SD10;;;;FR;;;;EDF AO;DPN;;47.678664;1.539603
160054;92549;;SLBN.SD1;;;;FR;;;;EDF AO;DPN;;47.731115;1.569907
160053;92548;;SALN.SD8;;;;FR;;;;EDF AO;DPN;;45.396482;4.757584
160052;92547;;SALN.SD3;;;;FR;;;;EDF AO;DPN;;45.417428;4.740418
160051;92546;;SALN.SD10;;;;FR;;;;EDF AO;DPN;;45.379306;4.754857
160050;92545;;DIRINT.S01;;;;FR;;;;EDF AO;DTEAM;;48.38846994972581;-4.2653274222131055
160049;92544;;BRENNT.S01;;;;FR;;;;EDF AO;DTEAM;;48.353158929512716;-3.87265370805539
160048;92543;;VINTRH.B01;;;;FR;;;;EDF AO;EDF HYDRO;;43.538445;2.490283
160047;92542;;TRIN.SD5;;;;FR;;;;EDF AO;EDF HYDRO;;44.36494554502105;4.730607319139724
160046;92541;;SSGEOH.S01;;;;FR;;;;EDF AO;EDF HYDRO;;42.787902;2.222177
160045;92540;;SSGEOH.B01;;;;FR;;;;EDF AO;EDF HYDRO;;42.77391253900317;2.1692540497407347
160044;92539;;S.VESH.S01;;;;FR;;;;EDF AO;EDF HYDRO;;43.53678249392889;2.8051416822434954
160043;92538;;ROUZEH.S01;;;;FR;;;;EDF AO;EDF HYDRO;;42.725805;2.076757
160042;92537;;RAVIEH.S01;;;;FR;;;;EDF AO;EDF HYDRO;;43.59665;2.59706
160041;92536;;RAVIEH.B01;;;;FR;;;;EDF AO;EDF HYDRO;;43.595538;2.596171
160040;92535;;PRAGNH.S01;;;;FR;;;;EDF AO;EDF HYDRO;;42.820511186758324;0.010205513441726963
160039;92534;;P.LI5H.S01;;;;FR;;;;EDF AO;EDF HYDRO;;45.254831870749314;4.152960657230866
160038;92533;;P.BORH.B11;;;;FR;;;;EDF AO;EDF HYDRO;;44.43594077226342;3.9170252263262566
160037;92532;;P.BORH.S01;;;;FR;;;;EDF AO;EDF HYDRO;;44.4788791753875;3.9857843735954264
160036;92531;;NENTIH.B04;;;;FR;;;;EDF AO;EDF HYDRO;;42.725542805856776;2.2041672485995507
160035;92530;;MTAHUH.B02;;;;FR;;;;EDF AO;EDF HYDRO;;43.64538806583231;2.710328302262083
160034;92529;;MTAHUH.B01;;;;FR;;;;EDF AO;EDF HYDRO;;43.63397667080426;2.757508748783422
160033;92528;;HOSPIH.S01;;;;FR;;;;EDF AO;EDF HYDRO;;42.58816;1.79705
160032;92527;;GRANDH.U01;;;;FR;;;;EDF AO;EDF HYDRO;;44.337037;3.504212
160031;92526;;ESCO2H.B01;;;;FR;;;;EDF AO;EDF HYDRO;;42.648388;2.124550
160030;92525;;CXMECH.B01;;;;FR;;;;EDF AO;EDF HYDRO;;47.30313516941951;3.9168010408882497
160029;92524;;CHEY6H.S01;;;;FR;;;;EDF AO;EDF HYDRO;;45.38456;6.00197
160028;92523;;CARLAH.U01;;;;FR;;;;EDF AO;EDF HYDRO;;43.706803;2.429654
160027;92522;;CARLAH.S01;;;;FR;;;;EDF AO;EDF HYDRO;;43.64707;2.32515
160026;92521;;CARLAH.B02;;;;FR;;;;EDF AO;EDF HYDRO;;43.679275;2.415325
160025;92520;;BAOUSH.S01;;;;FR;;;;EDF AO;EDF HYDRO;;43.50813;2.42052
160024;92519;;SLBN.SD4;;;;FR;;;;EDF AO;DPN;;47.70989;1.598686
160023;92518;;SLBN.SD7;;;;FR;;;;EDF AO;DPN;;47.70959934495802;1.5914962917618825
160022;92517;;SLBN.SD3;;;;FR;;;;EDF AO;DPN;;47.712441;1.621714
160021;92516;;SALN.SD9;;;;FR;;;;EDF AO;DPN;;45.354431;4.783916
160020;92515;;SALN.SD7;;;;FR;;;;EDF AO;DPN;;45.411668;4.745504
160019;92514;;SALN.SD6;;;;FR;;;;EDF AO;DPN;;45.493580443680784;4.827947205101707
160018;92513;;SALN.SD4;;;;FR;;;;EDF AO;DPN;;45.358898;4.768128
160017;92512;;SALN.SD2;;;;FR;;;;EDF AO;DPN;;45.306344;4.797192
160016;92511;;MONTET.S01;;;;FR;;;;EDF AO;DTEAM;;48.38092192505341;2.851077095396284
160015;92510;;GENNET.S01;;;;FR;;;;EDF AO;DTEAM;;48.93707118530859;2.2617512840029357
160014;92509;;ARRIGT.S01;;;;FR;;;;EDF AO;DTEAM;;48.78754061226646;2.4184526276960017
160013;92508;;VERN7H.B44;;;;FR;;;;EDF AO;EDF HYDRO;;44.39758436767787;5.731542937612544
160012;92507;;VALABH.B01;;;;FR;;;;EDF AO;EDF HYDRO;;44.18311481988809;7.056186274103397
160011;92506;;V.ISEH.S05;;;;FR;;;;EDF AO;EDF HYDRO;;45.453770;6.969292
160010;92505;;SSJU5H.S01;;;;FR;;;;EDF AO;EDF HYDRO;;43.23818;1.15171
160009;92504;;PORTIH.S01;;;;FR;;;;EDF AO;EDF HYDRO;;42.73256909589377;0.5532349270597856
160008;92503;;PALAMH.B01;;;;FR;;;;EDF AO;EDF HYDRO;;43.18674;1.00007
160007;92502;;P.SUPH.S01;;;;FR;;;;EDF AO;EDF HYDRO;;42.74491127437655;0.6097386101747361
160006;92501;;P.REIH.S01;;;;FR;;;;EDF AO;EDF HYDRO;;42.906300553274434;-0.03561775593515613
160005;92500;;MATEMH.B02;;;;FR;;;;EDF AO;EDF HYDRO;;42.60264953126903;2.0825413588342565
160004;92499;;CZBAIH.S01;;;;FR;;;;EDF AO;EDF HYDRO;;43.919708;7.164671
160003;92498;;CRESCH.S01;;;;FR;;;;EDF AO;EDF HYDRO;;47.387460;3.908299
160002;92497;;CARB5H.B01;;;;FR;;;;EDF AO;EDF HYDRO;;43.282372775550385;1.2052064942475775
160001;92496;;BANCAH.B04;;;;FR;;;;EDF AO;EDF HYDRO;;44.08426065607651;7.085701110246764
160000;92495;;SSGUIH.S01;;;;FR;;;;EDF AO;EDF HYDRO;;45.02929723;6.07172325
159999;92494;;G.MAIH.S01;;;;FR;;;;EDF AO;EDF HYDRO;;45.145554;6.051278
159998;92493;;FADE5H.S02;;;;FR;;;;EDF AO;EDF HYDRO;;46.026044;2.819358
159997;92492;;ECHARH.S01;;;;FR;;;;EDF AO;EDF HYDRO;;42.791523;0.261391
159996;92491;;BXFORH.S04;;;;FR;;;;EDF AO;EDF HYDRO;;45.7305754;6.5688899
159995;92490;;BARALH.S01;;;;FR;;;;EDF AO;EDF HYDRO;;42.881919;-0.561817
159994;92489;;AUZATH.S01;;;;FR;;;;EDF AO;EDF HYDRO;;42.761267;1.478203
159993;92488;;ASTONH.S01;;;;FR;;;;EDF AO;EDF HYDRO;;42.776973;1.676539
159992;92487;;ASASPH.S01;;;;FR;;;;EDF AO;EDF HYDRO;;43.109169;-0.624714
159991;92486;;SABARH.S01;;;;FR;;;;EDF AO;EDF HYDRO;;42.836566;1.600295
159990;92485;;MALLEH.S01;;;;FR;;;;EDF AO;EDF HYDRO;;43.715881;5.205683
159989;92484;;HERMIH.S04;;;;FR;;;;EDF AO;EDF HYDRO;;45.28487968894236;6.361554114172018
159988;92483;;DAMPJH.S02;;;;FR;;;;EDF AO;EDF HYDRO;;47.33824236844723;6.758095970202322
159987;92482;;PALN.SD3;;;;FR;;;;EDF AO;DPN;;49.675776;0.986318
159986;92481;;PALN.SD1;;;;FR;;;;EDF AO;DPN;;49.848146;0.586952
159985;92480;;FLAN.SD3;;;;FR;;;;EDF AO;DPN;;49.480997;-1.594876
159984;92479;;CATN.SD6;;;;FR;;;;EDF AO;DPN;;49.208393;6.297984
159983;92478;;CATN.SD5;;;;FR;;;;EDF AO;DPN;;49.461500;6.369167
159982;92477;;CATN.SD2;;;;FR;;;;EDF AO;DPN;;49.438148;6.318189
159981;92476;;VERSIH.S01;;;;FR;;;;EDF AO;EDF HYDRO;;45.161415;4.187394
159980;92475;;VENDEH.S01;;;;FR;;;;EDF AO;EDF HYDRO;;45.223305;4.177911
159979;92474;;SSMARH.S01;;;;FR;;;;EDF AO;EDF HYDRO;;43.18790990612526;-0.6103249547374346
159978;92473;;SSCOGH.B03;;;;FR;;;;EDF AO;EDF HYDRO;;44.877639;5.802889
159977;92472;;SSCHAH.S01;;;;FR;;;;EDF AO;EDF HYDRO;;43.527353;5.072931
159976;92471;;SAUTEH.S01;;;;FR;;;;EDF AO;EDF HYDRO;;44.816556;5.907972
159975;92470;;GRAN6H.S01;;;;FR;;;;EDF AO;EDF HYDRO;;45.468426;4.247135
159974;92469;;SABARH.B03;;;;FR;;;;EDF AO;EDF HYDRO;;42.76621287980375;1.5618308846311364
159973;92468;;SABARH.B01;;;;FR;;;;EDF AO;EDF HYDRO;;42.736674;1.460419
159972;92467;;PINETH.S01;;;;FR;;;;EDF AO;EDF HYDRO;;44.07029;2.80506
159971;92466;;P.VIZH.B02;;;;FR;;;;EDF AO;EDF HYDRO;;45.071836;5.871855
159970;92465;;P.HAUH.S01;;;;FR;;;;EDF AO;EDF HYDRO;;44.90220182109536;5.819840379521079
159969;92464;;MTPEZH.U01;;;;FR;;;;EDF AO;EDF HYDRO;;44.84435120697446;4.097552645578483
159968;92463;;MANOSH.S01;;;;FR;;;;EDF AO;EDF HYDRO;;43.850159;5.833422
159967;92462;;M.BLAH.S01;;;;FR;;;;EDF AO;EDF HYDRO;;42.792024;0.299108
159966;92461;;M.ALLH.U01;;;;FR;;;;EDF AO;EDF HYDRO;;45.038674;3.932052
159965;92460;;M.ALLH.S01;;;;FR;;;;EDF AO;EDF HYDRO;;44.96771748498472;3.6460410752324495
159964;92459;;LAZERH.B02;;;;FR;;;;EDF AO;EDF HYDRO;;44.36311;5.76780
159963;92458;;LABA5H.S01;;;;FR;;;;EDF AO;EDF HYDRO;;42.996151;1.614183
159962;92457;;FABIAH.S01;;;;FR;;;;EDF AO;EDF HYDRO;;42.788202;0.230346
159961;92456;;ALRANH.S10;;;;FR;;;;EDF AO;EDF HYDRO;;44.266941;2.721960
159960;92455;;ALRANH.B01;;;;FR;;;;EDF AO;EDF HYDRO;;44.286976;2.728180
159959;92454;;BUGN.SD3;;;;FR;;;;EDF AO;DPN;;45.77282743075561;5.205911780637931
159958;92453;;VOUGLH.S01;;;;FR;;;;EDF AO;EDF HYDRO;;46.396579;5.663585
159957;92452;;VENTHH.S08;;;;FR;;;;EDF AO;EDF HYDRO;;45.6939340;6.4046865
159956;92451;;VAUFRH.S02;;;;FR;;;;EDF AO;EDF HYDRO;;47.33913385335846;6.930315189387075
159955;92450;;STMARH.U01;;;;FR;;;;EDF AO;EDF HYDRO;;45.210918;5.698208
159954;92449;;SSNICH.B01;;;;FR;;;;EDF AO;EDF HYDRO;;49.87537527222216;4.588571604752361
159953;92448;;SSLARH.S01;;;;FR;;;;EDF AO;EDF HYDRO;;42.813747;0.316873
159952;92447;;SALONH.B02;;;;FR;;;;EDF AO;EDF HYDRO;;43.88885974855182;4.923363101318206
159951;92446;;SABARH.U01;;;;FR;;;;EDF AO;EDF HYDRO;;42.85066;1.596658
159950;92445;;REFRAH.B01;;;;FR;;;;EDF AO;EDF HYDRO;;47.173854;6.845527
159949;92444;;PRALOH.S01;;;;FR;;;;EDF AO;EDF HYDRO;;45.443118546574084;6.684357441047719
159948;92443;;PRALOH.B11;;;;FR;;;;EDF AO;EDF HYDRO;;45.380494368162026;6.73974231995224
159947;92442;;P.VIZH.S02;;;;FR;;;;EDF AO;EDF HYDRO;;45.0569;5.77871
159946;92441;;LIEBVH.S01;;;;FR;;;;EDF AO;EDF HYDRO;;47.322710;6.796742
159945;92440;;BIOGEH.S01;;;;FR;;;;EDF AO;EDF HYDRO;;46.3248555412582;6.595907249509643
159944;92439;;VLAROH.S10;;;;FR;;;;EDF AO;EDF HYDRO;;45.212923;6.716363
159943;92438;;SSTULH.S01;;;;FR;;;;EDF AO;EDF HYDRO;;43.785925;5.773554
159942;92437;;RANCEH.S01;;;;FR;;;;EDF AO;EDF HYDRO;;48.617111;-2.027998
159941;92436;;GOLINH.S01;;;;FR;;;;EDF AO;EDF HYDRO;;44.605680;2.605087
159940;92435;;FERRIH.S01;;;;FR;;;;EDF AO;EDF HYDRO;;42.935841;1.61794
159939;92434;;BORD5H.S01;;;;FR;;;;EDF AO;EDF HYDRO;;42.89547;1.02869
159938;92433;;ARRENH.S01;;;;FR;;;;EDF AO;EDF HYDRO;;42.946734;-0.219642
159937;92432;;GRANDH.S01;;;;FR;;;;EDF AO;EDF HYDRO;;44.92213844342114;3.0740389937715586
159936;92431;;PENN.S1;;;;FR;;;;EDF AO;DPN;;49.97596897979616;1.2100812650249901
159935;92430;;SLBN.S1;;;;FR;;;;EDF AO;DPN;;47.717207;1.577144
159934;92429;;S.SABH.S01;;;;FR;;;;EDF AO;EDF HYDRO;;43.95401;2.21284
159933;92428;;POUGEH.S01;;;;FR;;;;EDF AO;EDF HYDRO;;44.058376;2.767956
159932;92427;;MTPEZH.S01;;;;FR;;;;EDF AO;EDF HYDRO;;44.70341055168517;4.2300184696723555
159931;92426;;AIGLEH.S01;;;;FR;;;;EDF AO;EDF HYDRO;;45.243908422944;2.2247596819241595
159930;92425;;BLAN.SD8;;;;FR;;;;EDF AO;DPN;;49.858988;0.713735
159929;92424;;BELN.SD2;;;;FR;;;;EDF AO;DPN;;47.59182786436763;2.766951190226748
159928;92423;;TEIL2H.S01;;;;FR;;;;EDF AO;EDF HYDRO;;46.24136651851298;2.5352702808952627
159927;92422;;TEIL2H.B01;;;;FR;;;;EDF AO;EDF HYDRO;;46.24101670856091;2.534636088557579
159926;92421;;S.SABH.B01;;;;FR;;;;EDF AO;EDF HYDRO;;43.95394002336839;2.2131187656457056
159925;92420;;S.PONH.B01;;;;FR;;;;EDF AO;EDF HYDRO;;44.470946965424076;6.26957925464978
159924;92419;;P.CHAH.S01;;;;FR;;;;EDF AO;EDF HYDRO;;45.801945;1.802077
159923;92418;;P.CHAH.B01;;;;FR;;;;EDF AO;EDF HYDRO;;45.81395097292892;1.8513375513987076
159922;92417;;MTFERH.S01;;;;FR;;;;EDF AO;EDF HYDRO;;45.8824120392504;2.7975054471604435
159921;92416;;M.LARH.S01;;;;FR;;;;EDF AO;EDF HYDRO;;45.8196017621176;1.714057029600724
159920;92415;;LAMATH.S01;;;;FR;;;;EDF AO;EDF HYDRO;;44.98259041622325;2.032535691042285
159919;92414;;LAMATH.B01;;;;FR;;;;EDF AO;EDF HYDRO;;44.976707;2.162396
159918;92413;;GOLINH.B01;;;;FR;;;;EDF AO;EDF HYDRO;;44.57824;2.63752
159917;92412;;EYGLIH.S01;;;;FR;;;;EDF AO;EDF HYDRO;;44.67211;6.64991
159916;92411;;CXVANH.S01;;;;FR;;;;EDF AO;EDF HYDRO;;45.906322;1.411485
159915;92410;;CSLNAH.S01;;;;FR;;;;EDF AO;EDF HYDRO;;44.505280;2.874000
159914;92409;;ALRANH.U03;;;;FR;;;;EDF AO;EDF HYDRO;;44.021079;3.300572
159913;92408;;CTLUSH.S01;;;;FR;;;;EDF AO;EDF HYDRO;;46.001455;1.616259
159912;92407;;CHATRH.B01;;;;FR;;;;EDF AO;EDF HYDRO;;45.988963;1.596034
159911;92406;;PENN.SD1;;;;FR;;;;EDF AO;DPN;;50.00823179698736;1.3190973587211365
159910;92405;;GRAN.SD2;;;;FR;;;;EDF AO;DPN;;50.943382;2.206233
159909;92404;;GRAN.S1;;;;FR;;;;EDF AO;DPN;;51.01259643045581;2.138287553838989
159908;92403;;CRUN.S1;;;;FR;;;;EDF AO;DPN;;44.635643;4.755664
159907;92402;;RONDEH.S01;;;;FR;;;;EDF AO;EDF HYDRO;;45.157306167413076;5.699542203056878
159906;92401;;PRAT5H.U01;;;;FR;;;;EDF AO;EDF HYDRO;;46.319767;2.605942
159905;92400;;EYGLIH.B01;;;;FR;;;;EDF AO;EDF HYDRO;;44.675661652912694;6.691034430664196
159904;92399;;BXVOIH.S01;;;;FR;;;;EDF AO;EDF HYDRO;;45.121155319773635;5.31763939565636
159618;91914;1217;EDF-92EDORVES;;;420 RUE DA€™ESTIENNE DA€™ORVES, 92700 COLOMBES;FR;IMB/92025/X/0771;"=""0140810407""";Actif;;;;48.9089073;2.2304359
157792;90029;;DTEAM_THERM_CCG BOUCHAIN;;;208 ALLEE DE LA VIGILANCE, 59111 BOUCHAIN;FR;;;;;;;50.294862;3.320452
156104;87984;1214;DSIT /  25-632-EBR / SCTASK2278681 - Rungis;;;20 RUE DE LONGJUMEAU, 94150 RUNGIS;FR;IMB/94065/S/016M;;;;;;48.7441664;2.3546963
143146;92248;;EDF Facturation;EDF Facturation;"=""55208131766522""";  EDF CSP2C, 62971 ARRAS CEDEX 9;FR;;;;;;;50.292124;2.777503
135564;66007;;WEB2_EDF_NUM&IN_4G;WEB2_EDF_NUM&IN_4G;"=""55208131766522""";1 PLACE Pleyel, 93200 Saint-Denis;FR;;;;;;;48.9204621;2.3433823
135368;65696;183;WEB2_EDF_SMARTSIDE_Studio Digital;WEB2_EDF_SMARTSIDE_Studio Digital;"=""55208131790720""";4 RUE FLOREAL, 75017 PARIS;FR;IMB/93070/C/01DA;;;1200;;;48.9008425;2.3207582
129921;59360;;EDF Iffezheim;EDF;; SAINT AHAN, 35750 IFFENDIC;DE;;;;;;;48.832485;8.1113177
129901;59341;;Centrale hydro Kembs;EDF;; CANAL GD D'ALSACE, 68680 KEMBS;FR;IMB-68163-AACJA;;;;;;47.65489296366262;7.5184411818804735
125036;53742;;DTEAM-HYDRO_USINE HYDRAULIQUE DE GOLFECH;ELECTRICITE DE FRANCE;; IMPASSE CANTAROU, 82400 GOLFECH;FR;IMB-82072-AAAEP;;;1196;;;44.11012876;0.8540797234
125033;53739;;EDF DRHG - SMIRTSIDE;;;14 RUE MOREL, 93400 SAINT-OUEN-SUR-SEINE;FR;IMB/93070/C/01DA;;;1195;;;48.901045;2.319795
118146;44784;;WEB2_EDF_CATTENOM;EDF SA;;  , 57570 Cattenom;FR;;;;;;;49.4166481;6.2223447
117397;43319;;WEB2_EDF_DC Bornes Infrastructure SI;WEB2_EDF_DC Bornes Infrastructure SI;"=""55208131766522"""; RUE HELENE BOUCHER, 22190 PLERIN;FR;IMB/22187/X/01QJ;;;;;;48.545333;-2.7846194
117295;43195;171;EDF - Direction Commerce OUEST;;; RUE HELENE BOUCHER, 22190 PLERIN;FR;IMB/22187/X/01QJ;;;1188;;;48.545333;-2.7846194
116238;41842;;DTEAM-HYDRO_USINE DE LABARRE;EDF SA;"=""55208131766522""";2 ROUTE NATIONALE 0, 09000 FOIX;FR;;;;;;;42.996294;1.615308
111552;36245;;WEB2_EDF_DIG_PROJETS_ING SAINT HERBLAIN;WEB2_EDF_DIG_PROJETS_ING SAINT HERBLAIN;"=""55208131792130""";1 RUE JACQUES CARTIER, 44800 SAINT-HERBLAIN;FR;;;;;;;47.2227361;-1.6341027
105305;27335;143;Enedis - VITTEL;;;325 ZI DE LA CROISETTE, 88000 VITTEL;FR;IMB-88516-AAENX;;;1159;;;48.203;5.969
105298;27329;142;Enedis - ROLAMPONT;;;280 RUE MICHEL GALLISSOT, 52260 ROLAMPONT;FR;IMB-52432-AABNX;;;;;;47.939424;5.287316
104890;26616;141;WEB2_EDF_DSI GROUPE CYBER;WEB2_EDF_DSI GROUPE CYBER;"=""55208131766522""";26 RUE DU BOURG NOUVEAU, 35000 RENNES;FR;IMB/35238/X/040K;;;;;;48.112518;-1.717832
104805;26523;;DTEAM-HYDRO_USINE DE HALSOU 4G;EDF SA;"=""55208131766522""";  50 Argilekuko Bidea, 64480 Halsou;FR;;;;;;;43.375025;-1.427251
104801;26519;;DTEAM-HYDRO_BARRAGE DES ALDUDES;EDF SA;"=""55208131766522""";  1075 Bankako bidea, 64430 Aldudes;FR;;;;;;;43.103055;-1.421033
104799;26517;;DTEAM-HYDRO_USINE DE BAIGTS;EDF SA;"=""55208131766522""";  90 CHEMIN du Barrage, 64300 Baigts-de-BÃ©arn;FR;;;;;;;43.5104141;-0.8420255
104796;26515;;DTEAM-HYDRO_USINE DE BANCA;EDF SA;"=""55208131766522""";  Bihurrietalepho, 64430 Banca;FR;;;;;;;43.1219564;-1.3851023
104795;26513;;DTEAM-HYDRO_USINE CASTETARBE;EDF SA;"=""55208131766522""";  852 CHEMIN des Passeurs de la LibertÃ©, 64300 Orthez;FR;;;;;;;43.488046;-0.798001
104782;26493;;DTEAM-HYDRO_USINE ITXASSOU 4G;EDF SA;"=""55208131766522""";  , 64250 Itxassou;FR;;;;;;;43.329845;-1.406347
104761;26472;;DTEAM-HYDRO_USINE DE PUYOO;EDF SA;"=""55208131766522""";3 ALLEE Schneider, 64270 Puyoo;FR;;;;;;;43.5185527;-0.9105935
104550;26201;;WEB2_EDF_RC PROXI SIMBA;WEB2_EDF_RC PROXI SIMBA;"=""55208131786728"""; PICASSO, 32 AV. PABLO PICASSO, 92000 NANTERRE;FR;IMB/92050/C/1932;"=""0140970148""";Actif;;;;48.890674;2.214146
104427;25805;;DTEAM-HYDRO_USINE ST CASSIEN;EDF SA;"=""55208131790720"""; SAINT CASSIEN, 83440 TANNERON;FR;IMB/83133/X/00K3;"=""0493405780""";;;;;43.6124583;6.8384175
98687;92249;;WEB2_EDF_DAC Frigo connecté;WEB2_EDF_DAC Frigo connecté;"=""55208131712476""";  140 AVENUE Viton, 13009 MARSEILLE;FR;;"=""0491251123""";;;;;43.2572361;5.409582
98686;17980;;WEB2_EDF_DIR CORPORATE_GTB_BETTANCOURT;WEB2_EDF_DIR CORPORATE_GTB_BETTANCOURT;"=""55208131788856""";;;IMB/52045/X/00QW;;;;;;;
94303;15840;;WEB2_EDF_PERCIER;WEB2_EDF_PERCIER;"=""51147117900016""";;;IMB/75108/X/008S;;;;;;;
88247;12512;;DTEAM-HYDRO_USINE VILLEFRANCHE DE CONFLANS;EDF SA;"=""55208131790720""";;;IMB-66085-AAANQ;;;;;;;
87330;92250;;WEB2_EDF_DTEO_MAQUETTE_PERVERIE;WEB2_EDF_DTEO_MAQUETTE_PERVERIE;"=""55208131757927""";  65 RUE de la Perverie, 44300 NANTES;FR;;;;;;;47.2423174;-1.5610675
86726;92251;;WEB2_EDF_DSI_GROUPE_PB6_CGO;WEB2_EDF_DSI_GROUPE_PB6_CGO;"=""55208131765219""";  20 PLACE de la DÃ©fense, 92800 PUTEAUX;FR;;;;;;;48.8900842;2.2417745
85240;11059;;WEB2_EDF_ DIR CAP AMPERE_EASYLIFE;ELECTRICITE DE FRANCE;"=""83050886700025""";;;IMB/93066/C/03L9;;;;;;;
85189;11036;;WEB2_EDF_ DIR RH_LOCAL_CONCIERGE_EASYLIFE;WEB2_EDF_ DIR RH_LOCAL_CONCIERGE_EASYLIFE;"=""83050886700025""";;;IMB/93066/C/03L9;;;;;;;
83567;10238;;WEB2_EDF_DIPDE_Tests Métier PEMPS;WEB2_EDF_DIPDE_Tests Métier PEMPS;"=""55208131712476""";;;IMB/13009/X/0276;;;;;;;
75921;92252;;WEB2_EDF_PB6_Salle de crise SEI;WEB2_EDF_PB6_Salle de crise SEI;"=""55208131765219""";  20 PLACE DE LA DEFENSE, 92400 COURBEVOIE;FR;;"=""0147440935""";;;;;48.8900842;2.2417745
75920;92253;;WEB2_EDF_DIRECTION_UTO LAB CITALIUM;WEB2_EDF_DIRECTION_UTO LAB CITALIUM;"=""55208131790175""";  1 AVENUE de l'Europe, 77144 MontÃ©vrain;FR;;;;;;;48.8554772;2.7680131
73343;92254;;WEB2_EDF_DSIN_SALLE DE CRISE CODIR COMMERCE;ELECTRICITE DE France;"=""55208131764253""";  420 Rue d'Estienne d'Orves, 92700 Colombes;FR;;"=""0147212472""";;;;;48.909106;2.230771
72765;92255;;WEB2_EDF_DI-TEGG_SURVSEISME;WEB2_EDF_DI-TEGG_SURVSEISME;"=""55208131791991""";  180 RUE DU LIEUTENANT PARAYRE, 13290 AIX-EN-PROVENCE;FR;;;;;;;43.4962174;5.3685509
71913;92256;;WEB2_EDF_DG_EX PRESIDENT_PIERRE GADONNEIX;WEB2_EDF_DG_EX PRESIDENT_PIERRE GADONNEIX;"=""55208131753520""";  9 AVENUE Percier, 75008 Paris;FR;;;;;;;48.87458;2.314248
71912;92257;;WEB2_EDF_DG_EX PRESIDENT_HENRI PROGLIO;WEB2_EDF_DG_EX PRESIDENT_HENRI PROGLIO;"=""55208131753520""";  9 AVENUE Percier, 75008 Paris;FR;;;;;;;48.87458;2.314248
71827;92258;;WEB2_EDF_DG_EX PRESIDENT_JEAN-BERNARD LEVY;WEB2_EDF_DG_EX PRESIDENT_JEAN-BERNARD LEVY;"=""55208131753520""";  9 AVENUE PERCIER, 75008 PARIS 8;FR;;;;;;;48.8745797;2.3142475
70443;92259;;WEB2_EDF_CYBERDEFENSE_NEOSIS;WEB2_EDF_CYBERDEFENSE_NEOSIS;"=""55208131791967""";  2 RUE MICHELINE OSTERMEYER, 35000 RENNES;FR;;;;;;;48.111522;-1.7137964
70216;92260;;WEB2_EDF_DSI_PICASSO_LIGNE SECOURS;WEB2_EDF_DSI_PICASSO_LIGNE SECOURS;"=""55208131786728""";  32 AVENUE Pablo Picasso, 92000 Nanterre;FR;;"=""0155691259""";;;;;48.890195;2.213393
69950;92261;;WEB2_EDF_DSIT DIR_Picasso S/Sol;WEB2_EDF_DSIT DIR_Picasso S/Sol;"=""55208131791603""";  32 AVENUE Pablo Picasso, 92000 Nanterre;FR;;"=""0147213775""";;;;;48.890195;2.213393
68882;5431;;WEB2_EDF_GEST FI PILOT_Coworking Auxerre;WEB2_EDF_GEST FI PILOT_Coworking Auxerre;"=""55208131791934""";;;IMB/89024/X/0E6U;;;;;;;
68200;5268;;WEB2_EDF_THIERS_AMN DP2D Lon;WEB2_EDF_THIERS_AMN DP2D Lon;"=""55208131732680""";;;IMB/69386/C/001K;;;;;;;
67360;92262;;WEB2_EDF_DIR OPERATIONS_Sainte tulle salle TCM;WEB2_EDF_DIR OPERATIONS_Sainte tulle salle TCM;"=""55208131786033""";  CHEMIN DU THOR, 04220 SAINTE-TULLE;FR;;"=""0492740966""";;;;;43.8030971;5.7906273
66923;92263;;WEB2_EDF_AG IDF_WAGRAM DATA 2 ;WEB2_EDF_AG IDF_WAGRAM DATA 2 ;"=""55208131766522""";  22 AVENUE de Wagram, 75008 Paris;FR;;"=""0156689344""";;;;;48.876224;2.297112
66922;92264;;WEB2_EDF_AG IDF_WAGRAM DATA;WEB2_EDF_AG IDF_WAGRAM DATA;"=""55208131766522""";  22 AVENUE de Wagram, 75008 Paris;FR;;"=""0156689344""";;;;;48.876224;2.297112
66633;92265;;WEB2_EDF_DIG_WAGRAM_Télégestion2 ;WEB2_EDF_DIG_WAGRAM_Télégestion2 ;"=""55208131766522""";  22 AVENUE de Wagram, 75008 Paris;FR;;"=""0145746345""";;;;;48.876224;2.297112
66632;92266;;WEB2_EDF_DIG_WAGRAM_Télégestion;WEB2_EDF_DIG_WAGRAM_Télégestion;"=""55208131766522""";  22 AVENUE de Wagram, 75008 Paris;FR;;"=""0142560757""";;;;;48.876224;2.297112
66631;92267;;WEB2_EDF_DIG_TOURPB6_SALLE DE CRISE CODIR COMMERCE;WEB2_EDF_DIG_TOURPB6_SALLE DE CRISE CODIR COMMERCE;"=""55208131764253""";  20 PLACE DE LA DEFENSE, 92800 PUTEAUX;FR;;"=""0147758061""";;;;;48.8900842;2.2417745
66630;92268;;WEB2_EDF_LTCN-FARN_CAP AMPERE;WEB2_EDF_LTCN-FARN_CAP AMPERE;"=""55208131784590""";  1 PLACE Pleyel, 93200 ST DENIS;FR;;;;;;;;
64305;92269;;WEB2_EDF_SOC_CTI NOE_PACMAN;WEB2_EDF_SOC_CTI NOE_PACMAN;"=""55208131789557""";  2 VOIE DE L'OREE, 27100 VAL-DE-REUIL;FR;;"=""0232610096""";;;;;49.264097;1.187341
64282;92270;;WEB2_EDF_ SOC_PICASSO 32;WEB2_EDF_ SOC_PICASSO 32;"=""55208131786728""";  32 AVENUE PABLO PICASSO, 92000 NANTERRE;FR;;"=""0147213775""";;;;;48.8901947;2.2133925
64280;92271;;WEB2_EDF_ DTEO _TOUR PB6_DATA;WEB2_EDF_ DTEO _TOUR PB6_DATA;"=""55208131765219""";  20 PLACE de la DÃ©fense, 92800 Puteaux;FR;;"=""0147670568""";;;;;48.890084;2.241775
64279;92272;;WEB2_EDF_ DTEO _TOUR PB6_DATA 2;WEB2_EDF_ DTEO _TOUR PB6_DATA 2;"=""55208131765219""";  20 PLACE de la DÃ©fense, 92800 Puteaux;FR;;"=""0149070324""";;;;;48.890084;2.241775
63591;92273;;DTEAM-NUC_CNPE PALUEL NETATMO;ELECTRICITE DE FRANCE;"=""55208131741913""";  ROUTE DU BELVEDERE, 76450 CANY-BARVILLE;FR;;;;;;;49.787435;0.638336
63461;92274;;WEB2_EDF_IT SUP _Technopolis;WEB2_EDF_IT SUP _Technopolis;"=""55208131791512""";  RUE BLAISE PASCAL, 28000 CHARTRES;FR;;;;;;;48.4519022;1.5401438
63460;92275;;DTEAM-HYDRO_USINE CHAUVAN;ELECTRICITE DE FRANCE;"=""55208131779970""";  CENTRALE  DE CHAUVAN, 87480 SAINT-PRIEST-TAURION;FR;;;;;;;45.900147;1.4046235
63459;92276;;DTEAM-HYDRO_USINE SAINT MARC;ELECTRICITE DE FRANCE;"=""55208131736715""";  ST  MARC, 87400 SAINT-MARTIN-TERRESSUS;FR;;;;;;;45.919953;1.442113
62664;92277;;WEB2_EDF_IT SUP _Ecran entrée WAGRAM;WEB2_EDF_IT SUP _Ecran entrée WAGRAM;"=""55208131766522""";  22 AVENUE de Wagram, 75008 Paris;FR;;"=""0145631185""";;;;;48.876224;2.297112
62603;4538;;WEB2_EDF_DCO_DN_FO_Usage interne;WEB2_EDF_DCO_DN_FO_Usage interne;"=""55208131788542""";;;IMB/92025/C/03BK;;;;;;;
62602;92278;;WEB2_EDF_EM HYDRO ALPES_Télémaintenance Machine Outil;WEB2_EDF_EM HYDRO ALPES_Télémaintenance Machine Outil;"=""55208131762711""";  LA  PACHAUDIERE, 73200 ALBERTVILLE;FR;;"=""0479895020""";;;;;45.664833;6.426386
62587;92279;;WEB2_EDF_FARN/CAP AMPERE_ flux de données;WEB2_EDF_FARN/CAP AMPERE_ flux de données;"=""55208131779459""";  1 PLACE Pleyel, 93200 Saint-Denis;FR;;;;;;;48.920462;2.343382
62266;92280;;WEB2_EDF_DPNT_Videosurveillance_BROSSOLETTEPARCAZUR;WEB2_EDF_DPNT_Videosurveillance_BROSSOLETTEPARCAZUR;"=""55208131790027""";  97 AVENUE Pierre Brossolette, 92120 Montrouge;FR;;"=""0149128427""";;;;;48.818338;2.308838
62265;92281;;WEB2_EDF_DTG_Projet Cloud;WEB2_EDF_DTG_Projet Cloud;"=""55208131714829""";  12 RUE ST SIDOINE, 69003 LYON 3EME;FR;;"=""0472341999""";;;;;45.7618514;4.8695429
62264;92282;;WEB2_EDF_DIG_Alarme Anti Intrusion;WEB2_EDF_DIG_Alarme Anti Intrusion;"=""55208131790548""";  106 BOULEVARD MARIUS VIVIER MERLE, 69003 LYON 3EME;FR;;"=""0478628609""";;;;;45.7531362;4.8589598
62216;92283;;WEB2_EDF_PRESIDENCE DG_WAGRAM ADSL Mutualisé;WEB2_EDF_PRESIDENCE DG_WAGRAM ADSL Mutualisé;"=""55208131764063""";  22 AVENUE DE WAGRAM, 75008 PARIS 8;FR;;;;;;;48.8762244;2.2971123
62214;92284;;WEB2_EDF_SOC_PICASSO/Cybersécurité;WEB2_EDF_SOC_PICASSO/Cybersécurité;"=""55208131786728""";  32 AVENUE Pablo Picasso, 92000 Nanterre;FR;;"=""0146979437""";;;;;48.890195;2.213393
62213;92285;;WEB2_EDF_DPNT_Conciergerie GODINOT;WEB2_EDF_DPNT_Conciergerie GODINOT;"=""55208131732680""";  154 AVENUE THIERS, 69006 LYON 6EME;FR;;;;;;;45.7689614;4.8611907
62210;92286;;WEB2_EDF_DIG PROTERTIA_flux de données;WEB2_EDF_DIG PROTERTIA_flux de données;"=""55208131779459""";  1 PLACE Pleyel, 93200 Saint-Denis;FR;;"=""0149220518""";;;;;48.920462;2.343382
61537;92287;;WEB2_EDF_SEQUEDIN_TELESURVEILLANCE;WEB2_EDF_SEQUEDIN_TELESURVEILLANCE;"=""55208131740030""";  2 RUE DE LA DEULE, 59320 SEQUEDIN;FR;;"=""0320373644""";;;;;50.6265388;3.0051425
61513;92288;;WEB2_EDF_DAIP ULM_LA MAXE_GTB;WEB2_EDF_DAIP ULM_LA MAXE_GTB;"=""55208131787155""";  ROUTE de Thury, 57140 La Maxe;FR;;"=""0387305791""";;;;;49.154271;6.186804
61222;92289;;WEB2_EDF_Wagram_Salle de crise;WEB2_EDF_Wagram_Salle de crise;"=""55208131766522""";  22 AVENUE de Wagram, 75008 Paris;FR;;"=""0145741852""";;;;;48.876224;2.297112
61179;92290;;WEB2_EDF_IT SUP_Salle de crise;WEB2_EDF_IT SUP_Salle de crise;"=""55208131766522""";  22 AVENUE de Wagram, 75008 Paris;FR;;"=""0142891788""";;;;;48.876224;2.297112
60673;92291;;WEB2_EDF_ALN_ST LEU Videosurveillance;WEB2_EDF_ALN_ST LEU Videosurveillance;"=""55208131740097""";  8 RUE Marcel Paul, 60340 Saint-Leu-d'Esserent;FR;;;;;;;49.219246;2.427608
60662;92292;;WEB2_EDF_LTCN-FARN_CAP AMPERE;WEB2_EDF_LTCN-FARN_CAP AMPERE;"=""55208131779459""";  1 PLACE PLEYEL, 93200 SAINT-DENIS;FR;;"=""0158613954""";;;;;48.9204621;2.3433823
60655;92293;;WEB2_EDF_DOAAT_CAP AMPERE 3;WEB2_EDF_DOAAT_CAP AMPERE 3;"=""55208131783469""";  1 PLACE Pleyel, 93200 Saint-Denis;FR;;"=""0142434739""";;;;;48.920462;2.343382
60623;92294;;WEB2_EDF_DOAAT_CAP AMPERE 2;WEB2_EDF_DOAAT_CAP AMPERE 2;"=""55208131783469""";  1 PLACE Pleyel, 93200 Saint-Denis;FR;;"=""0140112095""";;;;;48.920462;2.343382
60593;92295;;WEB2_EDF_DOAAT_CAP AMPERE 1;WEB2_EDF_DOAAT_CAP AMPERE 1;"=""55208131783469""";  1 PLACE Pleyel, 93200 Saint-Denis;FR;;"=""0140109061""";;;;;48.920462;2.343382
60573;92296;;WEB2_EDF_DIR COM_Régie Vidéo;WEB2_EDF_DIR COM_Régie Vidéo;"=""55208131765946""";  22 AVENUE DE WAGRAM, 75008 PARIS 8;FR;;"=""0144099741""";;;;;48.8762244;2.2971123
60131;92297;;WEB2_EDF_DOAAT_CAP AMPERE;WEB2_EDF_DOAAT_CAP AMPERE;"=""55208131783469""";  1 PLACE PLEYEL, 93200 SAINT-DENIS;FR;;;;;;;48.9204621;2.3433823
60130;92298;;WEB2_EDF_EM Hydro Alpes_Maintenance Machine Outil;WEB2_EDF_EM Hydro Alpes_Maintenance Machine Outil;"=""55208131721642""";  7 ALLEE de la Houille Blanche, 38800 Le Pont-de-Claix;FR;;;;;;;45.110195;5.703652
58891;92299;;WEB2_EDF_ALN_DIEPPEDALLE Videosurveillance;WEB2_EDF_ALN_DIEPPEDALLE Videosurveillance;"=""55208131740014""";  76 QUAI de Danemark, 76380 Canteleu;FR;;;;;;;49.4158622;1.0150746
58880;92300;;WEB2_EDF_ALN_ST LEU Videosurveillance2;WEB2_EDF_ALN_ST LEU Videosurveillance2;"=""55208131740097""";  8 RUE MARCEL PAUL, 60340 SAINT LEU D'ESSERENT;FR;;;;;;;49.2192464;2.4276075
58765;92301;;WEB2_EDF_HYDRO REPARATION_Atelier;WEB2_EDF_HYDRO REPARATION_Atelier;"=""55208131736590""";  ROUTE DE SAINT SAVIN, 65400 LAU-BALAGNAS;FR;;"=""0562904000""";;;;;42.9953795;-0.09741
58760;92302;;WEB2_EDF_DI_Varenne_salle du CSE;WEB2_EDF_DI_Varenne_salle du CSE;"=""55208131767470""";  54 RUE DE VARENNE, 75007 PARIS 7;FR;;"=""0142228993""";;;;;48.8546889;2.321642
58759;92303;;WEB2_EDF_EM Hydro Alpes_Local Médical;WEB2_EDF_EM Hydro Alpes_Local Médical;"=""55208131738661""";  40 AVENUE DE LA GARE, 73300 SAINT-JEAN-DE-MAURIENNE;FR;;"=""0479641816""";;;;;45.2768615;6.3543961
58622;92304;;WEB2_EDF_CAO_MAJ postes;WEB2_EDF_CAO_MAJ postes;"=""55208131790175""";  1 AVENUE DE L'EUROPE, 77144 MONTEVRAIN;FR;;"=""0164443841""";;;;;48.8554781;2.7680102
57792;92305;;WEB2_EDF_INGEUM_4G E-MONITORING CAP AMPERE;WEB2_EDF_INGEUM_4G E-MONITORING CAP AMPERE;"=""55208131751862""";  1 PLACE Pleyel, 93200 Saint-Denis;FR;;;;;;;48.920462;2.343382
57791;3525;;WEB2_EDF_DPNT_Videosurveillance_FO_BURE;WEB2_EDF_DPNT_Videosurveillance_FO_BURE;"=""32484709400301""";;;IMB-55087-AAAAJ;;;;;;;
57788;92306;;WEB2_EDF_UM/ITO_NANTERRE PICASSO32;WEB2_EDF_UM/ITO_NANTERRE PICASSO32;"=""55208131791603""";  32 AVENUE Pablo Picasso, 92000 Nanterre;FR;;"=""0178666000""";;;;;48.890195;2.213393
57775;92307;;WEB2_EDF_AMT Ambes_Vidéosurveillance;WEB2_EDF_AMT Ambes_Vidéosurveillance;"=""55208131728829""";  1 RUE SAINT EXUPERY, 33810 AMBES;FR;;"=""0556947972""";;;;;45.0137716;-0.5353154
57762;92308;;WEB2_EDF_INGEUM_FO E-MONITORING CAP AMPERE;WEB2_EDF_INGEUM_FO E-MONITORING CAP AMPERE;"=""55208131751862""";  1 PLACE PLEYEL, 93200 SAINT-DENIS;FR;;;;;;;48.9204621;2.3433823
57761;92309;;WEB2_EDF_DIG_NOVA Labo PTI;WEB2_EDF_DIG_NOVA Labo PTI;"=""55208131714795""";  5 PLACE Antoinette Fouque, 69007 Lyon;FR;;"=""0472948551""";;;;;45.737606;4.836533
57760;92310;;WEB2_EDF_CORDEM CPT_surveillance;WEB2_EDF_CORDEM CPT_surveillance;"=""55208131754346""";  1 CENTRALE  DE CORDEMAIS, 44360 CORDEMAIS;FR;;"=""0228215812""";;;;;47.2778366;-1.8750965
57743;92311;;WEB2_EDF_DIG_NOVA Anti-intrusion;WEB2_EDF_DIG_NOVA Anti-intrusion;"=""55208131714795""";  5 PLACE ANTOINETTE FOUQUE, 69007 LYON;FR;;"=""0472948751""";;;;;45.7376059;4.8365327
56522;92312;;WEB2_EDF_DIPDE_VITONC3D;WEB2_EDF_DIPDE_VITONC3D;"=""55208131776331""";  140 AVENUE VITON, 13009 MARSEILLE 9;FR;;;;;;;43.2572302;5.4095815
56506;92313;;WEB2_EDF_DC Ouest_vidéosurveillance;WEB2_EDF_DC Ouest_vidéosurveillance;"=""55208131751904""";  181 AVENUE JACQUES DOUZANS, 31600 MURET;FR;;"=""0534358755""";;;;;43.4713483;1.3302805
56407;92314;;WEB2_EDF_ITSUP_GTB LECLERC1;WEB2_EDF_ITSUP_GTB LECLERC1;"=""55208131760855""";  1 RUE DU GENERAL LECLERC, 67115 PLOBSHEIM;FR;;"=""0388680537""";;;;;48.4755504;7.7304355
56313;92315;;WEB2_EDF_DTEO_MULHOUSE_Communication;WEB2_EDF_DTEO_MULHOUSE_Communication;"=""55208131754262""";  54 AVENUE ROBERT SCHUMAN, 68100 MULHOUSE;FR;;"=""0389362057""";;;;;47.7539897;7.3462639
55905;92316;;WEB2_EDF_UPE_CCH Kembs;WEB2_EDF_UPE_CCH Kembs;"=""55208131712880""";  RUE DE ROSENAU, 68680 KEMBS;FR;;"=""0389339137""";;;;;47.6573081;7.5135573
54791;92317;;WEB2_EDF_DTEO/DIG_DIR_EST_GTB;WEB2_EDF_DTEO/DIG_DIR_EST_GTB;"=""55208131782057""";  325 RUE BERCAILLE, 39000 LONS-LE-SAUNIER;FR;;"=""0384241561""";;;;;46.6921398;5.5590954
54277;92318;;WEB2_EDF_DTG_CRISE;WEB2_EDF_DTG_CRISE;"=""55208131791694""";  134 CHEMIN de l'Ã‰tang, 38950 Saint-Martin-le-Vinoux;FR;;;;;;;45.210593;5.698717
54202;92319;;WEB2_EDF_DTG_PIDSA;WEB2_EDF_DTG_PIDSA;"=""55208131791694""";  134 CHEMIN de l'Ã‰tang, 38950 Saint-Martin-le-Vinoux;FR;;"=""0476202279""";;;;;45.210593;5.698717
47159;92320;;WEB2_EDF_HydroSO_OLORON;WEB2_EDF_HydroSO_OLORON;"=""55208131782586""";  RUE ADOUE, 64400 OLORON-SAINTE-MARIE;FR;;"=""0559109731""";;;;;43.1856009;-0.609417
47149;92321;;WEB2_EDF_DPNT_Vidéo Surveillance;WEB2_EDF_DPNT_Vidéo Surveillance;"=""55208131788674""";  400 AVENUE DES COTIERS, 01150 SAINT-VULBAS;FR;;"=""0472251701""";;;;;45.8324009;5.2729669
46768;92322;;WEB2_EDF_DIG_ACCES ORIGIN;WEB2_EDF_DIG_ACCES ORIGIN;"=""55208131791579""";  1 RUE HENRIETTE GALLE GRIMM, 54000 NANCY;FR;;"=""0383520685""";;;;;48.686725;6.1775694
45877;92323;;DTEAM-HYDRO-LIEBVILLERS;ELECTRICITE DE FRANCE;"=""55208131712799""";  Usine HydroÃ©lectrique de Liebvillers, 25190 LIEBVILLERS;FR;;"=""0381965521""";;;;;47.335062;6.785988
45000;92324;;DTEAM-HYDRO-LA-MORGE;ELECTRICITE DE FRANCE;"=""55208131779558""";  LD CENTRALE DE LA MORGE, 10270 MONTIERAMEY;FR;;"=""0325412832""";;;;;48.230164;4.305513
44999;92325;;DTEAM_HYDRO_MOUSQUERES;ELECTRICITE DE FRANCE;"=""55208131785720""";  74 AVENUE JEAN JAURES, 31110 BAGNERES-DE-LUCHON;FR;;;;;;;42.7932083;0.5815745
44998;92326;;DTEAM-HYDRO-PANNECIERE;Electricité de France;"=""55208131779590""";  RÃ©servoir PanneciÃ¨re Chaum, 58120 Chaumard;FR;;"=""0386847344""";;;;;47.165127;3.875561
44996;92327;;DTEAM_HYDRO_LALLAU;ELECTRICITE DE FRANCE;"=""55208131781851""";  USINE DE LALLAU, 66230 LE TECH;FR;;;;;;;42.409977;2.541812
44995;92328;;DTEAM-HYDRO-TENDE;ELECTRICITE DE FRANCE;"=""55208131782735""";  Usine EDF de Paganin, 06430 TENDE;FR;;;;;;;44.0302002;7.5768919
44976;92329;;WEB2_EDF_UFPI_GOLF_PARK;WEB2_EDF_UFPI_GOLF_PARK;"=""55208131791439""";  1 du GÃ©nÃ©ral Eisenhower, 31100 Toulouse;FR;;"=""0561725483""";;;;;43.5779631;1.3646949
44966;92330;;DTEAM-HYDRO-DAMPJOUX;ELECTRICITE DE FRANCE;"=""55208131779731""";  UNITE DE PRODUCTION, 25190 DAMPJOUX;FR;;;;;;;47.34226;6.757613
44963;92331;;DTEAM-HYDRO-LIEBVILLERS;ELECTRICITE DE FRANCE;"=""55208131748215""";  CENTRALE  EDF, 25190 LIEBVILLERS;FR;;;;;;;47.3226244;6.7969792
43872;2618;;WEB2_EDF_INNOVATION_PICASSO 32;WEB2_EDF_INNOVATION_PICASSO 32;"=""55208131791603""";;;IMB/92050/C/1932;;;;;;;
43070;92332;;WEB2_EDF_ULM_GTB VELAINES;WEB2_EDF_ULM_GTB VELAINES;"=""55208131789334""";  ZONE INDUSTRIELLE DE PRAYE, 55500 VELAINES;FR;;"=""0329467530""";;;;;48.702407;5.293187
43061;92333;;WEB2_EDF_IZI_EURALILLE;WEB2_EDF_IZI_EURALILLE;"=""55208131778741""";  253 BOULEVARD de Leeds -EURALILLE, 59777 EURALILLE;FR;;;;;;;50.64042;3.07541
42268;92334;;WEB2_EDF_DIPNN_Groupe BIL;WEB2_EDF_DIPNN_Groupe BIL;"=""55208131791587""";  19 RUE PIERRE BOURDEIX, 69007 LYON 7EME;FR;;"=""0472945586""";;;;;45.7374448;4.8415214
42220;92335;;WEB2_EDF_DSPTN DSI_MONTROUGE;WEB2_EDF_DSPTN DSI_MONTROUGE;"=""55208131790027""";  97 AVENUE PIERRE BROSSOLETTE, 92120 MONTROUGE;FR;;"=""0146567899""";;;;;48.8185109;2.3094305
41554;92336;;DTEAM_THERM_KANTIC;Electricite de France;"=""55208131790720""";  16 RUE Albert Einstein, 54320 MaxÃ©ville;FR;;;;;;;48.703024;6.124353
41551;92337;;WEB2_EDF_DIG_GTB-PERROUD5;WEB2_EDF_DIG_GTB-PERROUD5;"=""55208131782693""";  5 RUE CLAUDE MARIE PERROUD, 31100 TOULOUSE;FR;;"=""0561437492""";;;;;43.5741986;1.3805017
41549;92338;;WEB2_EDF_DI_COFREN;WEB2_EDF_DI_COFREN;"=""55208131788856""";  RUE MARGUERITE PEREY, 52100 BETTANCOURT-LA-FERREE;FR;;"=""0325060316""";;;;;48.653242;4.957684
41546;92339;;WEB2_EDF_LNU GRAVELINES;WEB2_EDF_LNU GRAVELINES;"=""55208131721071""";  7502 RUE du Vieux Chemin de Loon, 59820 Gravelines;FR;;;;;;;50.990057;2.1573538
41545;92340;;DTEAM_HYDRO_URDOS;ELECTRICITE DE FRANCE;;  16 RUE Albert Einstein, 54320 MaxÃ©ville;FR;;;;;;;48.7030238;6.1243532
41544;92341;;WEB2_EDF_DTEO - DIG_GTB;WEB2_EDF_DTEO - DIG_GTB;"=""55208131737358""";  11 QUAI SAINT PIERRE, 31000 TOULOUSE;FR;;"=""0494009734""";;;;;43.6046292;1.4322571
41543;92342;;DTEAM_HYDRO_BARALET;ELECTRICITE DE FRANCE;"=""55208131781778""";  ROUTE D'aubise, 64490 BORCE;FR;;;;;;;42.879885;-0.566675
41536;92343;;DTEAM_HYDRO_USINE FONTAN;ELECTRICITE DE FRANCE;"=""55208131779129""";  QUAI Auguste Russo, 06540 BREIL-SUR-ROYA;FR;;;;;;;44.01169;7.562322
41532;92344;;WEB2_EDF_DCOUEST_GESTION DES BADGES;WEB2_EDF_DCOUEST_GESTION DES BADGES;"=""55208131790134""";  11 RUE EDME MARIOTTE, 44300 NANTES;FR;;"=""0240501160""";;;;;47.2769481;-1.5147407
41531;92345;;WEB2_EDF_DCO_DN_P28;WEB2_EDF_DCO_DN_P28;"=""55208131788542""";  420 RUE ESTIENNE D ORVES, 92700 COLOMBES;FR;;;;;;;48.909289;2.230784
41530;92346;;WEB2_EDF_DCO_DN_SMARTLAB;WEB2_EDF_DCO_DN_SMARTLAB;"=""55208131788542""";  420 RUE ESTIENNE D ORVES, 92700 COLOMBES;FR;;;;;;;48.90921;2.23074
41529;92347;;VISIO_CSV_EDF-GUADELOUPE-BAIEMAHAULT-CPEI-01-SDSL;VISIO_CSV_EDF-GUADELOUPE-BAIEMAHAULT-CPEI-01-SDSL;"=""80866674700015""";  BOULEVARD DE LA POINTE DE JARRY, 97122 BAIE MAHAULT;;;;;;;;16.235002;-61.553103
41528;92348;;VISIO_CSV_EDF-MARTINIQUE-BELLEFONTAINE-SDSL;VISIO_CSV_EDF-MARTINIQUE-BELLEFONTAINE-SDSL;"=""49336140600025""";  QUAI FOND LAILLET, 97222 BELLEFONTAINE;;;;;;;;14.669008;-61.157386
41527;92349;;VISIO_CSV_EDF-REUNION-PORT-USINE-SDSL;VISIO_CSV_EDF-REUNION-PORT-USINE-SDSL;"=""49336147100029""";  RUE PATRICE LUMUMBA, 97420 LE PORT;;;;;;;;-20.930655;55.328514
41526;92350;;WEB2_EDF_COUPE-FEU_DEDIE-EDF_1;WEB2_EDF_COUPE-FEU_DEDIE-EDF_1;;  22 AVENUE DE WAGRAM, 75008 PARIS 8EME ARRONDISSEMENT;FR;;;;;;;;
41525;92351;;WEB2_EDF_COUPE-FEU_DEDIE-EDF_2;WEB2_EDF_COUPE-FEU_DEDIE-EDF_2;;  22 AVENUE DE WAGRAM, 75008 PARIS 8EME ARRONDISSEMENT;FR;;;;;;;;
41524;92352;;DTEAM_EDF_PRESTATION_ROC_LOT2;DTEAM_EDF_PRESTATION_ROC_LOT2;"=""55208131766522""";  22 AVENUE DE WAGRAM, 75008 PARIS 8EME ARRONDISSEMENT;FR;;;;;;;;
41523;92353;;DTEAM_MIGRATION_LOT2   ;DTEAM_MIGRATION_LOT2   ;"=""55208131766522""";  22 AVENUE DE WAGRAM , 75008 PARIS 8EME ARRONDISSEMENT;FR;;;;;;;;
41522;92354;;WEB2_EDF_MIGRATION_ITO_LOT1;WEB2_EDF_MIGRATION_ITO_LOT1;"=""55208131766522""";  22 AVENUE DE WAGRAM , 75008 PARIS 8EME ARRONDISSEMENT;FR;;;;;;;;
41521;92355;;WEB2_EDF_PRESTATION_ROC_LOT1;WEB2_EDF_PRESTATION_ROC_LOT1;"=""55208131766522""";  22 AVENUE DE WAGRAM, 75008 PARIS 8EME ARRONDISSEMENT;FR;;;;;;;;
41520;92356;;WEB2_EDF_IZI_LILLE;WEB2_EDF_IZI_LILLE;"=""55208131790662""";  39 RUE DU FAUBOURG DE ROUBAIX, 59800 LILLE;FR;;;;;;;50.6399379;3.0797036
41519;92357;;Adresse de facturation;Adresse de facturation;"=""55208131766522""";  , 45123 CHALETTE SUR LOING CEDEX;FR;;;;;;;;
39831;92358;;WEB2_EDF_DIG_ACCES KANTIC;WEB2_EDF_DIG_ACCES KANTIC;"=""55208131790720""";  16 RUE Albert Einstein, 54320 MaxÃ©ville;FR;;"=""0383281088""";;;;;48.7030238;6.1243532
36760;92359;;WEB2_EDF_DIPNN-DI_ADSL JEUMONT;WEB2_EDF_DIPNN-DI_ADSL JEUMONT;"=""37904139500052""";  27 RUE DE L INDUSTRIE, 59460 JEUMONT;FR;;"=""0327394679""";;;;;50.3003037;4.1039309
36759;92360;;WEB2_EDF_DSIT_MIR_92_PICASSO;WEB2_EDF_DSIT_MIR_92_PICASSO;"=""55208131750146""";  32 AVENUE Pablo Picasso, 92000 Nanterre;FR;;"=""0147292855""";;;;;48.8901947;2.2133925
34914;92361;;WEB2_EDF_AG-ENO_INTERCO;WEB2_EDF_AG-ENO_INTERCO;"=""55208131790720""";  16 RUE ALBERT EINSTEIN, 54320 MAXEVILLE;FR;;"=""0383935926""";;;;;48.7030238;6.1243532
31256;92362;;VISIO_CSV_AG ATLANTIQUE_CONF;VISIO_CSV_AG ATLANTIQUE_CONF;"=""55208131761879""";  LIEU-DIT La Combelle, 46160 Cajarc;FR;;;;;;;44.47699799999999;1.833618
28352;92363;;WEB2_EDF_ROUTEUR_4G_DEPANNAGE;WEB2_EDF_ROUTEUR_4G_DEPANNAGE;"=""55208131791646""";  ALLEE Marie BrÃ©chet, 92110 Clichy;FR;;;;;;;48.902152;2.319363
26229;92364;;WEB2_EDF_DTEO_SMARTSIDEVIP3;WEB2_EDF_DTEO_SMARTSIDEVIP3;"=""55208131786729""";  ALLEE Marie BrÃ©chet, 92110 Clichy;FR;;"=""0155906814""";;;;;48.902152;2.319363
26228;92365;;WEB2_EDF_DTEO_SMARTSIDEVIP2;WEB2_EDF_DTEO_SMARTSIDEVIP2;"=""55208131786728""";  ALLEE Marie BrÃ©chet, 92110 Clichy;FR;;"=""0155906814""";;;;;48.902152;2.319363
25380;92366;;WEB2_EDF_DIG_PROJETS_ING;WEB2_EDF_DIG_PROJETS_ING;"=""55208131767561""";  65 RUE DE LA PERVERIE, 44300 NANTES;FR;;"=""0240594537""";;;;;47.2414642;-1.5613135
24035;92367;;VISIO_EDF_SEI-AJACCIO-ASPRETTO-02-VISIO;VISIO_EDF_SEI-AJACCIO-ASPRETTO-02-VISIO;"=""55208131753868""";  ROUTE ST JOSEPH CTR EDF, 20090 AJACCIO;FR;;"=""0495226497""";;;;;41.9340324;8.759470499999999
24034;92368;;VISIO_EDF_SEI-SARROLA-CALDANICCIA-00-VISIO;VISIO_EDF_SEI-SARROLA-CALDANICCIA-00-VISIO;"=""55208131734660""";  ROUTE CALDANICCIA, 20167 SARROLA-CARCOPINO;FR;;"=""0495220518""";;;;;41.95384960000001;8.7960847
24032;92369;;VISIO_EDF_SEI-BASTIA-MONTESORO-01-VISIO;VISIO_EDF_SEI-BASTIA-MONTESORO-01-VISIO;"=""55208131754221""";  RUE 4E DIV MAROCAINE DE MONTAGNE, 20600 BASTIA;FR;;"=""0495305899""";;;;;42.670161;9.4417723
23966;92370;;VISIO_EDF_SEI-BASTIA-FANGO-01-VISIO;VISIO_EDF_SEI-BASTIA-FANGO-01-VISIO;"=""55208131741277""";  RUE Marcel Paul, 20200 Bastia;FR;;"=""0495314959""";;;;;42.7021571;9.446129299999999
23963;92371;;VISIO_EDF_SEI-AJACCIO-EUGENIE-02-02;VISIO_EDF_SEI-AJACCIO-EUGENIE-02-02;"=""55208131722069""";  2 AVENUE ImpÃ©ratrice EugÃ©nie, 20000 Ajaccio;FR;;"=""0495219771""";;;;;41.920258;8.734419899999999
23962;92372;;VISIO_EDF_SEI-AJACCIO-EUGENIE-RDC-12;VISIO_EDF_SEI-AJACCIO-EUGENIE-RDC-12;"=""55208131722061""";  2 AVENUE ImpÃ©ratrice EugÃ©nie, 20000 Ajaccio;FR;;"=""0495219771""";;;;;41.920258;8.734419899999999
23961;92373;;WEB2_EDF_DC_VANNES_GESTION DES BADGES;WEB2_EDF_DC_VANNES_GESTION DES BADGES;"=""55208131791785""";  4 RUE ALFRED KASTLER, 56000 VANNES;FR;;;;;;;47.64296820000001;-2.7449104
23343;92374;;VISIO_CSV_ES-STRASBOURG-WILSON-05-CODIR;VISIO_CSV_ES-STRASBOURG-WILSON-05-CODIR;"=""55850191200240""";  26 BOULEVARD du PrÃ©sident-Wilson, 67000 Strasbourg;FR;;"=""0388229194""";;;;;48.5876662;7.7393105
23342;92375;;VISIO_CSV_ES-STRASBOURG-WILSON-05-CONSEIL;VISIO_CSV_ES-STRASBOURG-WILSON-05-CONSEIL;"=""55850191200239""";  26 BOULEVARD DU PRESIDENT WILSON, 67000 STRASBOURG;FR;;"=""0388229194""";;;;;48.5876662;7.7393105
22355;92376;;WEB2_EDF_DSIGROUPE_CERT;WEB2_EDF_DSIGROUPE_CERT;"=""55208131765219""";  20 PLACE DE LA DEFENSE, 92800 PUTEAUX;FR;;"=""0147449434""";;;;;48.8903731;2.2412618
20229;92377;;WEB2_EDF_DSIT_ITSUP_PARIS_SMARTSIDE;WEB2_EDF_DSIT_ITSUP_PARIS_SMARTSIDE;"=""55208131791645""";  4 RUE FlorÃ©al, 75017 Paris;FR;;"=""0140118798""";;;;;48.9006847;2.3211733
19900;92378;;WEB2_EDF_DCSO_CODIR;WEB2_EDF_DCSO_CODIR;"=""55208131768585""";  208 AVENUE EMILE COUNORD, 33300 BORDEAUX;FR;;"=""0557937740""";;;;;44.8635873;-0.5753134999999999
19511;92379;;VISIO_CSV_EDF-PARIS-WAGRAM-FO;VISIO_CSV_EDF-PARIS-WAGRAM-FO;"=""55208131766523""";  22 AVENUE de Wagram, 75008 Paris;FR;;;;;;;48.8762244;2.2971123
19439;92380;;WEB2_EDF_DCO_DN_P28;WEB2_EDF_DCO_DN_P28;"=""55208131775152""";  20 PLACE de la DÃ©fense, 92800 Puteaux;FR;;"=""0147311050""";;;;;48.8903731;2.2412618
19438;92381;;WEB2_EDF_DCO_DN_SMARTLAB;WEB2_EDF_DCO_DN_SMARTLAB;"=""55208131775151""";  20 PLACE de la DÃ©fense, 92800 Puteaux;FR;;"=""0147311050""";;;;;48.8903731;2.2412618
19437;92382;;WEB2_EDF_DCO_DN_P26;WEB2_EDF_DCO_DN_P26;"=""55208131775150""";  20 PLACE de la DÃ©fense, 92800 Puteaux;FR;;"=""0147311050""";;;;;48.8903731;2.2412618
18622;92383;;EDF-SA;EDF-SA;"=""55208131766522""";  22 Avenue DE WAGRAM, 75008 PARIS 8;FR;;;;;;;48.8760979;2.2971344
18613;92384;;WEB2_EDF_ROUTEUR_4G_MIGRATION_1;WEB2_EDF_ROUTEUR_4G_MIGRATION_1;"=""44460844214605""";  5 RUE ROBERT GALLEY, 10100 ROMILLY-SUR-SEINE;FR;;;;;;;48.5030735;3.7523397
18465;92385;;VISIO_CSV_Vermeer_CCN_Multimedia_4G;VISIO_CSV_Vermeer_CCN_Multimedia_4G;"=""55208131776373""";  5 PLACE DE VALMY, 59650 VILLENEUVE D'ASCQ;FR;;;;;;;50.6172148;3.1343805
17579;92386;;WEB2_EDF_HYDRO_TéléDiag;WEB2_EDF_HYDRO_TéléDiag;"=""55208131750047""";  200 RUE DE L'ETANG, 38950 Saint Martin Le Vinoux;FR;;"=""0476727955""";;;;;45.2103857;5.699690899999999
16502;92387;;VISIO_CSV_VILLENEUVE-VERMEER-LABO FIBRE;VISIO_CSV_VILLENEUVE-VERMEER-LABO FIBRE;"=""55208131776372""";  5 PLACE DE VALMY, 59650 VILLENEUVE D'ASCQ;FR;;;;;;;50.6172148;3.1343805
16501;92388;;VISIO_CSV_VILLENEUVE-VERMEER-LABO SDSL;VISIO_CSV_VILLENEUVE-VERMEER-LABO SDSL;"=""55208131776372""";  5 PLACE DE VALMY, 59650 VILLENEUVE D'ASCQ;FR;;;;;;;50.6172148;3.1343805
16500;92389;;ELECTRICITE DE FRANCE;ELECTRICITE DE FRANCE;"=""55208131766522""";  22 AVENUE DE WAGRAM, 75008 PARIS 8;FR;;;;;;;48.8760979;2.2971344
16075;92390;;WEB2_EDF_DPNT_CNPE CRUAS-Maison des énergies;WEB2_EDF_DPNT_CNPE CRUAS-Maison des énergies;"=""55208131712526""";  ROUTE N 86, 07350 CRUAS;FR;;"=""0475009875""";;;;;44.656914;4.765255
15357;92391;;WEB2_EDF_COTSEICOMMERCE_QUASAR;WEB2_EDF_COTSEICOMMERCE_QUASAR;"=""55208131751490""";  54 AVENUE ROBERT SCHUMAN, 68100 Mulhouse;FR;;"=""0389312299""";;;;;47.7539963;7.3462476
15350;92392;;WEB2_EDF_DIRGO- Contrôle Accès Roussillon LIMOGES;WEB2_EDF_DIRGO- Contrôle Accès Roussillon LIMOGES;"=""55208131729454""";  53 AVENUE DU ROUSSILLON, 87000 LIMOGES;FR;;;;;;;45.8186664;1.2231654
15349;92393;;WEB2_EDF_DIRGO- Contrôle Accès Isle D'Espagnac;WEB2_EDF_DIRGO- Contrôle Accès Isle D'Espagnac;"=""55208131778030""";  152 BOULEVARD SALVADOR ALLENDE, 16340 L'ISLE D'ESPAGNAC;FR;;;;;;;45.669829;0.2007214
15348;92394;;ELECTRICITE DE FRANCE;ELECTRICITE DE FRANCE;"=""55208131766522""";  22 AVENUE DE WAGRAM, 75008 PARIS 8;FR;;;;;;;48.8760979;2.2971344
15223;92395;;ELECTRICITE DE FRANCE;ELECTRICITE DE FRANCE;"=""55208131766522""";  22 AVENUE DE WAGRAM, 75008 PARIS 8;FR;;;;;;;48.8760979;2.2971344
14741;92396;;WEB2_EDF_DTG-SUPERVISION-ST MARTIN DE VINOUX;WEB2_EDF_DTG-SUPERVISION-ST MARTIN DE VINOUX;"=""55208131791694""";  134 CHEMIN de l'Ã‰tang, 38950 Saint-Martin-le-Vinoux;FR;;;;;;;45.2106739;5.6991298
13282;92397;;VISIO CSV - EDF DATA CENTER NOE_MPLS;VISIO CSV - EDF DATA CENTER NOE_MPLS;"=""55208131700000""";  2 VOIE de l' OrÃ©e, 27100 VAL DE REUIL;FR;;;;;;;49.2641272;1.1877187
13280;92398;;Siège;ELECTRICITE DE FRANCE;"=""55208131766522""";  22 AVENUE DE WAGRAM, 75008 PARIS 8;FR;;;;;;;48.8760979;2.2971344
8346;92689;;DTEAM_EDF_PRESTATION_ROC_LOT2 ;DTEAM_EDF_PRESTATION_ROC_LOT2 ;"=""55208131766522"""; 22 AVENUE DE WAGRAM, 75008 PARIS 8;FR;;;;;;;48.8760979;2.2971344
